560016,Bangalore,KAR,13.021726,77.6707924,Ramamurthy Nagar
562125,Bangalore,KAR,12.874290,77.779537,Dommasandra
560105,Bangalore,KAR,12.777479,77.6421577,Jigani
562107,Bangalore,KAR,12.759218,77.7337628,Attibele
562106,Bangalore,KAR,12.722685,77.6765184,Anekal
